"43","560","54","16"
"17","1590","68","15"
"97","1457","47","6"
"43","1142","49","9"
"39","1495","36","15"
"58","908","25","10"
"57","322","64","4"
"82","1119","42","16"
"3","1374","54","4"
"54","1336","36","7"
"38","1542","59","13"
"39","962","61","4"
"81","1244","59","8"
"63","1576","25","10"
"79","948","64","5"
"47","1669","46","7"
"13","334","76","8"
"86","1596","69","19"
"41","616","64","7"
"30","107","49","4"
"55","649","49","6"
"78","1900","49","11"
"7","736","21","1"
"46","698","13","18"
"3","1505","33","12"
"8","198","16","6"
"65","1533","80","6"
"47","803","69","20"
"17","896","47","5"
"78","1250","61","19"
"13","1868","70","16"
"48","1387","42","10"
"55","125","64","17"
"86","1511","46","16"
"63","1992","42","11"
"84","738","61","4"
"40","1506","33","14"
"53","290","36","5"
"72","768","80","5"
"2","1900","36","19"
"24","1350","76","1"
"62","549","61","14"
"88","1400","68","17"
"87","961","76","13"
"10","575","68","13"
"58","1095","36","1"
"8","84","25","14"
"31","45","21","0"
"20","282","69","18"
"64","1378","21","16"
"6","390","70","12"
"93","843","76","9"
"36","500","21","1"
"28","395","42","2"
"47","68","46","13"
"78","1700","76","14"
"20","1413","68","2"
"24","640","36","8"
"8","1338","16","16"
"67","1100","21","12"
"92","669","36","2"
"83","1790","59","3"
"19","242","70","3"
"14","803","68","11"
"82","909","33","13"
"35","26","59","11"
"72","923","33","4"
"62","1014","7","20"
"52","1538","64","8"
"60","1812","42","9"
"71","1992","13","2"
"29","298","13","4"
"97","1926","76","2"
"73","965","33","3"
"19","985","13","9"
"9","1743","25","13"
"98","198","54","20"
"68","95","54","19"
"90","360","59","1"
"84","1478","76","5"
"59","1988","42","1"
"16","1950","25","2"
"56","1696","47","4"
"9","1991","49","20"
"35","50","69","19"
"41","944","7","13"
"10","155","76","7"
"22","1401","61","0"
"77","269","49","19"
"10","387","68","20"
"65","929","36","18"
"55","580","13","18"
"46","471","16","16"
"38","657","42","10"
"51","546","61","11"
"40","845","46","1"
"7","1768","42","15"
"78","115","21","3"
"77","1953","61","16"
"89","1515","69","13"
"13","255","68","18"
"13","1705","69","17"
"78","1356","80","16"
"20","302","13","0"
"47","604","25","20"
"67","1350","42","0"
"84","352","69","12"
"47","469","70","20"
"53","606","42","12"
"93","1189","16","11"
"44","1278","46","13"
"54","289","76","17"
"29","1161","80","2"
"5","992","16","14"
"61","411","33","1"
"26","1371","36","18"
"18","1556","69","16"
"0","1455","36","3"
"28","1287","76","20"
"10","184","13","2"
"79","1832","64","5"
"6","1916","68","10"
"14","824","59","13"
"86","125","46","16"
"73","1254","80","13"
"20","287","7","11"
"88","1482","69","0"
"77","468","76","11"
"31","916","59","15"
"2","1852","76","16"
"9","1137","64","13"
"94","1204","25","15"
"78","785","76","6"
"56","1463","36","6"
"0","377","68","11"
"37","124","64","16"
"9","20","59","6"
"10","371","13","18"
"55","430","7","14"
"20","574","47","1"
"83","383","46","18"
"46","769","21","11"
"64","790","25","8"
"33","651","68","20"
"57","666","7","8"
"9","607","21","0"
"14","381","25","11"
"5","1583","64","7"
"96","64","54","19"
"46","1280","7","16"
"75","542","13","14"
"11","1141","42","14"
"47","981","36","4"
"3","281","33","9"
"25","1026","76","2"
"78","121","42","16"
"11","1796","49","1"
"29","210","7","17"
"68","866","16","3"
"54","444","42","16"
"97","746","59","7"
"53","1185","25","8"
"50","1236","59","11"
"25","1969","7","13"
"20","26","61","15"
"89","407","64","0"
"26","599","33","7"
"10","1734","42","0"
"92","1236","36","5"
"15","1692","59","2"
"19","263","64","15"
"93","769","64","3"
"75","54","47","11"
"86","1182","7","10"
"81","485","61","14"
"37","1432","49","11"
"1","135","25","9"
"29","5","36","17"
"75","555","59","19"
"72","907","25","5"
"8","1653","59","19"
"4","518","64","14"
"46","742","33","13"
"67","228","46","11"
"34","1669","25","11"
"56","787","70","19"
"38","228","49","11"
"37","344","16","11"
"18","1928","61","5"
"33","268","54","0"
"77","1877","70","13"
"66","213","54","2"
"66","1480","61","1"
"31","279","47","17"
"41","835","36","17"
"48","1114","21","4"
"89","1735","70","5"
"83","1844","13","3"
"69","1443","33","20"
"45","1125","61","9"
"10","408","16","10"
"85","832","47","3"
"18","1086","42","7"
"20","1680","33","16"
"36","733","33","12"
"59","441","25","7"
"83","710","42","19"
"74","659","13","12"
"28","513","16","8"
"65","539","80","2"
"34","111","46","15"
"37","1225","80","18"
"89","728","13","4"
"46","329","46","16"
"93","891","68","2"
"89","874","64","5"
"62","1900","7","8"
"13","1889","49","19"
"73","1773","49","12"
"18","249","80","9"
"61","301","13","19"
"87","496","68","3"
"67","269","33","2"
"41","892","16","4"
"94","1682","54","8"
"1","1820","64","0"
"85","1948","25","1"
"73","1728","70","10"
"26","1341","49","19"
"85","142","70","13"
"52","1566","76","8"
"36","1252","76","14"
"71","989","61","15"
"71","1588","47","3"
"0","665","49","20"
"70","1425","68","8"
"80","1885","7","0"
"22","1283","69","3"
"21","1169","36","5"
"77","1422","33","4"
"92","1306","33","7"
"71","1175","70","7"
"67","259","68","11"
"52","636","68","13"
"85","1184","13","17"
"28","1852","70","20"
"70","404","21","15"
"93","1582","69","17"
"12","607","36","2"
"57","443","76","10"
"80","1887","64","10"
"75","1367","16","20"
"27","794","59","1"
"94","451","49","6"
"89","1795","36","13"
"54","1682","33","17"
"28","924","70","0"
"65","845","61","4"
"33","509","68","3"
"6","782","68","12"
"80","121","7","5"
"98","1961","33","15"
"16","119","54","1"
"47","1988","21","19"
"38","1838","49","0"
"18","115","70","0"
"87","454","42","0"
"83","1201","21","6"
"24","901","49","19"
"57","1924","13","2"
"87","1658","36","1"
"61","440","64","8"
"22","1614","16","14"
"29","179","61","6"
"94","10","33","11"
"91","1116","21","4"
"48","1367","64","7"
"48","237","33","6"
"46","1076","61","11"
"5","1208","33","13"
"27","1667","21","17"
"76","168","59","11"
"16","1026","70","2"
"24","182","70","10"
"71","1887","76","12"
"29","717","68","20"
"69","895","76","7"
"16","1746","13","6"
"1","662","64","20"
"99","747","36","18"
"17","770","46","1"
"26","842","54","17"
"30","1658","25","15"
"74","1652","13","19"
"77","628","64","4"
"83","1652","16","3"
"52","227","16","16"
"20","1984","16","7"
"16","934","70","8"
"73","1208","13","18"
"3","469","21","9"
"4","241","69","7"
"70","1335","21","3"
"40","916","69","4"
"63","365","59","6"
"8","1972","46","20"
"27","1897","7","1"
"60","173","7","2"
"72","1828","76","20"
"17","1071","16","4"
"88","243","68","2"
"66","118","16","3"
"11","176","69","16"
"85","970","64","19"
"95","85","76","10"
"7","1522","46","1"
"29","32","47","19"
"39","339","36","5"
"57","702","42","20"
"88","145","7","10"
"85","1508","80","1"
"35","303","21","8"
"34","1163","59","0"
"45","581","76","20"
"62","243","7","4"
"59","215","70","5"
"93","197","25","6"
"55","1567","59","2"
"51","197","64","2"
"32","1893","80","19"
"8","840","46","14"
"24","1014","16","14"
"87","1743","33","4"
"10","907","49","6"
"34","1128","47","10"
"55","1850","61","7"
"8","740","59","12"
"55","75","80","12"
"14","230","7","2"
"74","1287","64","19"
"44","260","36","5"
"53","1385","46","11"
"18","539","70","2"
"35","1566","13","19"
"10","1459","80","9"
"13","1464","33","15"
"31","184","13","1"
"49","792","25","12"
"15","1525","69","8"
"52","998","21","18"
"23","913","76","19"
"13","1573","70","2"
"29","1369","7","18"
"74","857","59","19"
"41","1635","59","17"
"24","1805","7","1"
"46","1753","76","20"
"27","1903","36","18"
"52","1323","70","19"
"2","1833","36","17"
"75","331","47","9"
"28","1444","25","2"
"91","1405","80","5"
"6","563","68","13"
"11","1681","42","4"
"15","1857","59","3"
"47","1268","13","2"
"99","414","46","16"
"8","1004","13","1"
"14","971","16","18"
"41","1395","80","8"
"36","1461","76","2"
"71","1151","49","20"
"33","1978","69","4"
"64","1435","21","20"
"58","1813","59","9"
"95","1304","21","16"
"93","159","25","19"
"94","789","13","0"
"25","876","16","11"
"10","310","33","4"
"93","192","64","4"
"67","1855","61","0"
"55","1073","61","12"
"63","1582","7","14"
"46","1285","33","19"
"13","1204","68","9"
"23","1379","16","20"
"35","132","21","2"
"69","507","61","4"
"1","1882","46","14"
"23","1004","68","17"
"4","1428","36","11"
"85","1120","59","9"
"20","1100","25","10"
"0","67","64","10"
"16","608","49","18"
"69","1058","64","4"
"60","1876","13","19"
"69","863","33","1"
"29","1816","69","19"
"33","92","7","10"
"26","412","33","3"
"62","823","59","19"
"59","985","21","5"
"49","510","59","1"
"62","1460","68","13"
"51","109","76","5"
"77","41","47","16"
"1","759","61","19"
"27","1960","16","2"
"95","1437","59","0"
"97","1592","76","16"
"34","1606","76","9"
"82","1928","21","10"
"58","1075","33","16"
"1","709","46","17"
"60","727","70","2"
"30","1281","80","4"
"91","1986","59","4"
"18","826","33","5"
"67","1967","36","9"
"30","163","49","9"
"8","1843","64","5"
"70","1600","68","9"
"24","798","59","17"
"70","221","21","17"
"38","292","7","0"
"53","44","80","14"
"87","333","21","9"
"44","1059","36","11"
"81","1124","80","8"
"61","1124","16","13"
"91","913","47","5"
"35","574","54","9"
"34","86","80","13"
"74","148","54","16"
"77","1302","47","5"
"18","1619","13","1"
"56","850","13","16"
"32","166","36","20"
"34","1058","46","3"
"63","1226","25","9"
"79","1392","47","11"
"25","973","47","19"
"27","71","68","14"
"72","318","59","8"
"86","1670","7","4"
"46","459","33","19"
"16","776","46","12"
"3","1870","13","10"
"65","185","36","6"
"2","94","36","14"
"1","1870","13","7"
"77","1718","80","18"
"28","1501","64","9"
"60","120","36","10"
"52","608","21","2"
"12","1614","80","13"
"25","170","33","16"
"38","1316","13","0"
"82","208","59","14"
"75","1547","42","18"
"34","267","16","17"
"39","217","80","6"
"57","1480","49","18"
"48","1779","16","20"
"9","1936","68","1"
"35","691","46","17"
"15","1286","64","20"
"22","456","21","15"
"2","1258","21","8"
"64","902","70","7"
"32","1848","70","18"
"37","224","16","4"
"84","781","33","14"
"74","1699","25","17"
"79","1829","42","7"
"31","924","61","1"
"9","761","76","11"
"93","1896","46","10"
"19","651","25","1"
"46","1719","36","2"
"32","1788","61","8"
"78","1750","61","14"
"34","602","69","20"
"97","843","69","10"
"23","1894","64","13"
"58","315","69","2"
"8","1314","59","20"
"38","1497","13","18"
"79","1162","70","14"
"31","741","13","18"
"3","1925","47","2"
"88","1382","7","2"
"95","311","80","11"
"42","1744","42","16"
"41","697","47","18"
"59","878","16","18"
"52","1025","64","9"
"11","1213","42","19"
"90","251","54","5"
"17","1358","64","1"
"48","574","68","3"
"58","1464","80","19"
"39","890","76","15"
"37","1532","70","13"
"67","1595","80","6"
"43","1656","21","18"
"76","1339","7","4"
"18","482","49","4"
"63","859","7","7"
"35","1163","16","20"
"23","1128","25","16"
"85","323","59","9"
"36","1260","47","1"
"8","1131","36","19"
"1","1680","68","11"
"42","1515","36","3"
"30","373","68","3"
"74","1546","25","2"
"1","1670","33","18"
"85","1412","36","5"
"84","778","21","4"
"74","739","25","16"
"95","1389","16","6"
"82","420","47","8"
"86","1348","49","8"
"49","1084","69","1"
"6","1119","54","7"
"94","127","54","13"
"48","1145","76","13"
"57","608","80","4"
"68","1885","7","2"
"31","1300","42","7"
"72","1710","33","15"
"54","575","64","11"
"58","745","42","2"
"68","1495","59","18"
"98","4","42","4"
"30","1733","68","19"
"48","1659","80","6"
"70","560","64","17"
"12","409","33","15"
"49","1745","61","0"
"69","92","64","2"
"26","1672","33","15"
"92","578","7","12"
"92","1510","16","16"
"84","397","64","19"
"36","1315","61","9"
"18","1764","46","13"
"51","1562","80","1"
"16","1463","69","4"
"68","681","68","3"
"9","278","21","0"
"38","1524","47","5"
"22","1852","42","19"
"16","1759","16","18"
"19","1755","36","20"
"23","962","46","1"
"54","1661","59","6"
"5","605","76","3"
"89","985","47","14"
"29","222","21","17"
"64","990","64","8"
"85","1633","76","7"
"28","1261","7","6"
"2","1114","69","5"
"48","1821","36","13"
"49","1430","76","3"
"40","1407","13","9"
"43","1808","25","1"
"21","1224","70","2"
"77","117","69","2"
"41","334","68","5"
"86","683","7","14"
"57","834","21","14"
"45","1526","59","7"
"97","545","61","2"
"56","665","80","20"
"60","553","68","3"
"55","1252","25","1"
"5","919","21","17"
"97","1975","49","10"
"82","1171","47","2"
"41","87","80","10"
"42","1616","80","0"
"72","226","80","7"
"88","1889","33","0"
"6","964","49","12"
"13","810","33","3"
"10","777","16","0"
"45","144","21","19"
"66","1528","59","19"
"40","84","13","2"
"21","192","80","11"
"51","1023","47","2"
"54","1434","21","0"
"78","1465","80","5"
"57","1923","61","10"
"30","805","25","6"
"65","474","59","19"
"2","41","64","7"
"42","940","54","10"
"81","754","25","16"
"48","578","68","18"
"91","320","42","19"
"60","142","13","1"
"90","1018","42","9"
"22","766","59","9"
"17","1576","59","0"
"18","1865","64","16"
"50","571","21","16"
"74","1833","54","14"
"39","749","61","2"
"90","1518","33","2"
"43","730","21","6"
"43","1895","69","12"
"4","80","25","14"
"11","1085","80","3"
"21","1153","49","8"
"95","1790","16","17"
"89","831","21","13"
"23","1776","16","13"
"72","867","16","13"
"15","532","80","7"
"45","1249","46","17"
"40","1784","25","11"
"55","1577","49","5"
"9","1389","80","10"
"45","426","33","5"
"68","384","54","1"
"57","989","70","20"
"31","1436","13","2"
"19","745","49","7"
"2","1529","33","9"
"89","1958","7","2"
"18","636","7","13"
"49","58","13","20"
"4","421","76","18"
"8","534","25","20"
"21","696","59","9"
"71","936","64","2"
"12","193","61","20"
"72","559","49","19"
"32","414","76","13"
"66","193","47","20"
"25","1207","7","10"
"94","79","70","5"
"24","742","70","16"
"84","1713","33","20"
"67","316","47","1"
"11","478","13","20"
"64","1462","25","13"
"73","578","59","14"
"60","1124","49","9"
"97","167","69","12"
"80","86","76","14"
"84","1823","69","0"
"23","1741","64","1"
"14","965","36","11"
"60","1127","49","8"
"30","165","80","8"
"55","41","76","10"
"27","1205","49","20"
"44","553","36","7"
"19","1576","64","18"
"77","660","80","9"
"47","1500","68","14"
"53","1026","16","19"
"14","1356","68","19"
"31","1252","42","17"
"61","1442","16","17"
"83","1880","69","20"
"87","1455","16","13"
"94","284","61","4"
"40","128","33","1"
"73","1501","61","14"
"54","426","69","3"
"49","1367","36","6"
"12","1530","42","12"
"42","1790","64","19"
"15","305","54","11"
"11","499","69","1"
"24","1690","49","9"
"6","169","80","1"
"80","540","76","9"
"92","1628","33","11"
"19","1775","76","19"
"28","1056","49","8"
"51","1264","46","7"
"79","1127","69","8"
"83","515","49","7"
"19","301","33","14"
"43","1553","70","17"
"58","112","49","10"
"26","758","68","1"
"0","89","36","4"
"86","439","49","18"
"59","895","49","18"
"28","522","76","9"
"65","1750","21","11"
"14","1595","68","2"
"27","496","46","6"
"68","1341","61","1"
"94","502","36","10"
"79","1064","76","16"
"48","882","46","17"
"81","693","64","2"
"89","912","69","14"
"6","251","64","19"
"64","668","33","5"
"42","805","68","14"
"30","1601","61","5"
"40","1653","59","20"
"9","1068","54","5"
"93","1955","42","1"
"7","1246","46","8"
"4","1628","61","12"
"73","1808","76","14"
"75","93","46","8"
"26","490","42","7"
"21","614","16","7"
"93","1531","54","4"
"22","1747","80","11"
"81","1982","64","14"
"73","1690","54","15"
"87","1294","69","19"
"44","1515","46","13"
"53","1410","80","11"
"21","1581","33","18"
"89","392","64","3"
"73","1939","42","20"
"17","602","25","18"
"0","1294","25","2"
"50","1139","33","16"
"20","575","59","9"
"85","20","49","14"
"14","348","80","4"
"7","588","54","9"
"75","560","42","3"
"85","1875","13","12"
"24","1982","16","3"
"7","1310","76","12"
"4","901","16","3"
"72","1778","69","19"
"5","819","25","4"
"6","310","7","4"
"59","1307","64","14"
"65","266","13","3"
"42","1516","13","18"
"7","1108","46","7"
"36","1200","49","8"
"64","1617","49","12"
"3","491","36","4"
"65","568","21","6"
"80","323","64","14"
"11","720","47","12"
"3","676","61","4"
"24","582","61","12"
"50","1534","25","15"
"77","1795","25","6"
"88","38","64","16"
"2","762","36","15"
"15","1804","16","8"
"83","1246","49","9"
"80","518","80","3"
"44","142","49","3"
"65","204","64","9"
"14","718","16","9"
"0","1493","42","4"
"58","719","33","19"
"70","1586","64","9"
"65","334","80","0"
"31","977","64","6"
"63","523","54","10"
"69","673","76","13"
"23","668","54","19"
"66","1907","46","4"
"45","1184","59","8"
"39","734","70","15"
"26","142","16","8"
"95","1402","47","8"
"8","304","68","15"
"53","807","13","17"
"91","1349","68","5"
"60","1300","16","12"
"30","1560","64","6"
"41","25","13","16"
"17","1579","69","13"
"75","735","25","19"
"0","1228","33","5"
"18","24","47","7"
"83","15","49","9"
"11","596","42","13"
"84","1801","7","9"
"76","638","36","11"
"21","1398","16","13"
"37","905","70","8"
"89","1731","36","18"
"20","533","13","5"
"40","1590","54","9"
"36","328","36","13"
"21","240","54","11"
"57","150","21","4"
"85","1681","7","2"
"66","1278","76","19"
"55","1757","68","11"
"35","1930","68","0"
"86","93","42","17"
"46","408","59","10"
"47","1301","64","6"
"65","1218","7","6"
"16","1078","16","16"
"74","245","80","12"
"29","495","59","15"
"72","429","61","16"
"44","272","7","9"
"32","1651","21","12"
"7","1744","70","4"
"84","1155","69","2"
"83","1334","7","15"
"29","1818","7","5"
"67","1341","70","14"
"46","606","80","19"
"12","1085","33","15"
"14","1942","47","13"
"29","1235","25","15"
"62","1202","16","17"
"98","572","70","19"
"68","1384","16","3"
"98","1288","13","13"
"5","1191","61","18"
"79","1905","21","13"
"32","152","21","8"
"56","351","13","16"
"83","147","70","20"
"69","1486","76","0"
"37","42","76","6"
"47","941","16","15"
"97","78","64","19"
"1","635","16","18"
"21","999","59","7"
"36","1210","69","20"
"49","953","25","7"
"69","1501","13","0"
"43","1361","16","14"
"67","553","59","16"
"76","607","36","0"
"12","1754","46","5"
"58","878","47","16"
"84","1392","54","3"
"14","1331","42","2"
"17","235","16","4"
"21","1615","54","2"
"65","1695","21","1"
"56","1567","25","10"
"6","1039","16","13"
"89","387","59","10"
"36","1656","21","13"
"56","677","21","3"
"62","490","69","5"
"2","419","21","18"
"71","1571","68","8"
"28","1418","59","11"
"67","1667","76","18"
"52","1748","7","9"
"71","338","33","12"
"88","260","16","1"
"91","1795","80","2"
"99","779","7","16"
"8","1635","76","10"
"1","1617","69","1"
"87","1146","70","15"
"1","369","61","13"
"32","136","61","20"
"53","162","21","1"
"95","1090","76","15"
"69","1162","7","2"
"84","1783","49","19"
"80","1513","69","17"
"15","98","7","16"
"58","406","69","18"
"56","1583","54","15"
"84","1540","49","2"
"70","988","61","5"
"27","279","80","2"
"32","647","42","7"
"36","451","42","8"
"39","1963","80","17"
"73","1643","13","16"
"91","427","49","15"
"28","176","47","19"
"37","1357","42","11"
"95","795","33","7"
"14","1577","59","16"
"21","1386","69","0"
"58","1662","7","19"
"16","1402","13","14"
"97","1206","36","16"
"33","1535","33","20"
"91","965","64","0"
"7","1525","7","3"
"16","1485","70","5"
"1","1172","7","0"
"87","1614","13","5"
"68","730","46","16"
"38","1312","64","0"
"76","553","70","20"
"37","756","42","18"
"65","1257","64","4"
"27","102","70","1"
"12","870","46","19"
"64","724","16","12"
"47","341","54","13"
"87","1172","21","20"
"9","801","47","11"
"69","1937","16","17"
"23","1277","13","8"
"80","1548","68","3"
"50","425","46","5"
"74","8","49","20"
"74","303","76","20"
"50","915","13","20"
"60","291","69","14"
"4","1081","25","19"
"52","1295","36","2"
"1","408","61","5"
"48","1926","47","19"
"87","1638","68","5"
"5","1431","61","0"
"59","1242","64","13"
"16","64","49","2"
"10","913","69","8"
"34","1707","70","5"
"70","569","49","5"
"37","266","7","10"
"88","1424","42","8"
"68","1643","33","7"
"80","1437","59","12"
"30","529","42","12"
"41","1568","68","17"
"86","516","46","9"
"68","365","61","4"
"79","1724","61","20"
"7","1453","13","6"
"67","1569","49","10"
"40","124","49","14"
"91","1418","21","10"
"57","657","64","4"
"32","525","76","16"
"57","945","13","19"
"39","1270","49","13"
"47","726","61","3"
"7","1628","42","16"
"53","159","7","7"
"80","1371","47","12"
"93","292","13","8"
"41","1575","47","18"
"35","1306","7","8"
"36","281","70","5"
"61","259","54","14"
"2","988","16","17"
"69","71","64","1"
"44","504","70","8"
"0","1104","16","20"
"77","1848","33","17"
"12","584","46","20"
"46","74","13","19"
"22","1435","68","17"
"70","1746","16","0"
"27","334","21","14"
"23","890","70","3"
"92","794","80","20"
"91","253","33","19"
"19","396","47","0"
"56","553","7","14"
"36","223","16","11"
"36","218","21","4"
"97","1629","64","11"
"46","64","33","1"
"19","1049","59","8"
"29","1700","54","19"
"46","1501","16","8"
"99","1659","70","17"
"15","1365","21","3"
"53","133","80","19"
"51","1248","54","5"
"51","550","69","11"
"85","728","36","10"
"5","783","7","4"
"90","1199","61","2"
"24","1679","59","7"
"55","1002","61","15"
"66","83","59","6"
"74","121","70","4"
"82","1059","33","13"
"64","1088","76","19"
"18","218","36","14"
"30","214","7","1"
"60","1423","61","12"
"20","188","68","15"
"11","970","61","7"
"14","966","80","7"
"81","264","68","4"
"83","520","21","4"
"7","1465","70","18"
"47","1129","69","15"
"82","1766","36","11"
"46","316","21","5"
"95","581","42","11"
"57","1886","69","7"
"23","1307","54","16"
"91","124","49","13"
"46","52","76","7"
"26","640","25","12"
"77","975","42","8"
"18","870","46","2"
"40","15","13","7"
"11","928","16","0"
"35","1935","21","15"
"81","1311","80","6"
"27","1089","64","1"
"72","1499","7","11"
"12","1509","54","16"
"20","24","47","8"
"97","525","13","5"
"1","751","13","2"
"59","1947","70","14"
"54","1618","33","0"
"22","1973","36","2"
"88","1533","33","19"
"69","1201","7","6"
"76","1899","61","11"
"34","1067","49","14"
"22","1088","80","15"
"23","1612","13","6"
"54","88","64","13"
"89","1121","13","5"
"97","711","42","7"
"14","1299","33","19"
"22","600","59","6"
"28","935","69","2"
"20","1641","21","7"
"9","406","33","14"
"58","1335","59","19"
"99","1085","36","1"
"40","1768","59","19"
"46","1984","46","4"
"71","909","25","13"
"59","1033","25","9"
"50","657","80","20"
"94","888","61","19"
"4","541","36","11"
"98","1511","76","11"
"16","1046","13","20"
"16","213","61","9"
"97","480","21","6"
"21","1287","69","2"
"43","307","13","19"
"12","1963","16","10"
"10","353","7","8"
"68","40","7","20"
"32","685","70","11"
"52","1335","61","14"
"59","798","68","1"
"42","695","21","6"
"19","28","42","3"
"25","964","7","4"
"5","1762","42","7"
"44","391","64","15"
"31","149","46","9"
"51","1350","21","5"
"26","665","7","13"
"79","1783","61","12"
"20","918","33","8"
"15","1375","21","17"
"98","772","64","16"
"51","927","76","4"
"58","1541","13","10"
"4","1332","70","3"
"64","1883","76","3"
"66","1874","46","16"
"58","87","13","2"
"95","914","49","5"
"56","1059","7","1"
"39","1058","7","11"
"37","1877","54","7"
"37","1865","64","20"
"61","635","13","11"
"71","1091","69","5"
"46","315","16","2"
"74","711","21","14"
"4","1548","33","2"
"58","1127","69","2"
"53","1223","36","11"
"66","1105","59","19"
"1","1996","76","7"
"37","755","46","13"
"82","1597","64","18"
"87","215","7","12"
"70","366","33","15"
"23","500","42","3"
"53","590","16","19"
"21","1806","7","17"
"31","934","64","3"
"81","977","42","12"
"84","1085","70","14"
"73","282","16","20"
"61","1270","33","14"
"47","871","13","14"
"59","583","61","10"
"31","300","68","20"
"88","1940","21","2"
"36","1203","36","0"
"74","1221","42","11"
"90","1736","7","20"
"88","385","68","16"
"63","1915","61","1"
"90","172","46","15"
"45","1788","70","11"
"47","796","61","4"
"91","527","46","20"
"43","395","68","13"
"87","1064","47","12"
"44","1017","33","6"
"16","596","70","12"
"99","336","64","6"
"62","373","13","18"
"16","931","42","0"
"74","1074","68","15"
"28","940","13","13"
"44","828","68","7"
"49","1644","76","2"
"14","765","61","3"
"27","550","59","0"
"60","559","42","5"
"63","1996","46","5"
"7","1002","46","15"
"13","1432","61","8"
"51","327","54","11"
"92","1131","42","5"
"52","1087","80","10"
"40","633","21","3"
"43","1604","16","6"
"37","479","13","2"
"23","224","68","3"
"28","1227","61","18"
"61","580","13","14"
"32","1519","59","12"
"84","1884","36","10"
"90","928","33","13"
"86","1777","70","11"
"69","796","76","18"
"91","964","25","6"
"65","421","25","15"
"88","65","7","6"
"60","561","16","3"
"41","909","13","7"
"91","13","76","13"
"51","1449","16","0"
"77","393","64","13"
"44","529","80","12"
"22","967","59","1"
"9","383","33","11"
"41","1925","13","2"
"53","1351","42","19"
"87","1197","59","0"
"26","1046","46","19"
"27","1540","68","12"
"90","1773","21","6"
"66","1647","80","20"
"74","191","33","14"
"36","96","64","8"
"51","78","21","20"
"75","790","21","13"
"84","1038","36","19"
"94","1568","16","14"
"83","1398","70","1"
"39","1543","7","6"
"90","1940","64","18"
"63","525","7","7"
"65","851","42","3"
"66","1061","69","16"
"37","973","64","17"
"8","828","49","12"
"40","1421","47","3"
"50","1821","7","9"
"54","454","36","1"
"14","1248","54","5"
"66","1923","61","2"
"13","199","80","5"
"85","1897","61","11"
"52","716","21","17"
"53","819","21","2"
"87","419","76","17"
"45","420","70","0"
"46","1194","21","5"
"20","1092","59","3"
"16","293","47","16"
"88","545","33","7"
"43","1996","46","9"
"40","884","33","15"
"11","643","61","6"
"48","1721","80","4"
"55","1023","46","13"
"71","676","64","17"
"3","39","36","17"
"35","1219","54","13"
"29","766","42","7"
"10","511","54","6"
"46","252","59","2"
"91","1312","42","15"
"79","924","25","10"
"84","437","46","16"
"49","1881","25","8"
"38","1004","7","15"
"82","5","59","8"
"17","1157","80","2"
"76","1341","42","20"
"12","85","69","7"
"86","1121","61","2"
"94","510","33","14"
"21","1962","21","11"
"28","450","25","3"
"69","159","47","2"
"98","283","7","3"
"30","925","47","9"
"48","22","33","4"
"80","1794","54","9"
"79","1327","21","14"
"20","250","70","3"
"17","1686","76","11"
"55","266","33","16"
"27","342","70","1"
"22","1494","42","20"
"35","930","68","15"
"33","901","33","5"
"38","577","47","11"
"90","697","7","2"
"2","928","54","19"
"42","733","54","15"
"22","1457","13","12"
"29","718","76","10"
"77","1099","69","2"
"99","957","59","15"
"25","1931","80","15"
"25","124","42","2"
"99","15","54","14"
"87","1497","54","7"
"86","1353","76","2"
"72","565","36","18"
"12","614","54","19"
"37","783","7","1"
"27","1067","61","15"
"38","539","61","7"
"71","890","36","6"
"14","264","21","6"
"62","654","46","8"
"65","1119","59","20"
"56","1631","46","20"
"16","1799","70","16"
"80","587","61","10"
"79","931","42","8"
"43","1856","68","8"
"39","930","25","5"
"42","653","16","17"
"9","1670","69","6"
"8","81","70","14"
"99","1670","25","12"
"67","2","80","0"
"80","397","54","10"
"1","1534","59","11"
"48","714","68","3"
"53","757","76","8"
"96","1923","68","18"
"83","1940","59","18"
"7","1269","80","16"
"57","1651","68","14"
"5","1454","49","17"
"97","718","25","13"
"57","1038","36","7"
"30","1598","46","4"
"48","458","33","0"
"89","1871","70","16"
"95","1513","42","5"
"21","1138","7","16"
"27","1082","76","1"
"87","355","42","15"
"90","266","36","16"
"70","1267","61","19"
"49","1496","68","18"
"33","1684","80","16"
"68","1067","36","8"
"42","1384","42","5"
"13","1686","61","20"
"37","199","76","16"
"59","1827","25","4"
"11","1388","59","11"
"72","531","13","8"
"64","1416","61","3"
"78","1160","13","4"
"49","1071","33","1"
"76","242","64","5"
"85","470","13","0"
"64","1603","7","9"
"23","340","13","15"
"84","822","47","16"
"33","1345","16","17"
"59","1735","69","5"
"29","282","46","1"
"45","360","49","11"
"84","612","61","12"
"82","655","42","0"
"7","531","47","11"
"26","898","33","7"
"47","1397","21","17"
"23","857","47","8"
"61","1311","33","1"
"37","1604","21","0"
"23","1399","33","8"
"3","1682","76","14"
"66","907","54","10"
"67","1045","68","18"
"37","200","16","9"
"38","594","54","11"
"20","1947","68","20"
"91","254","49","14"
"86","1545","13","6"
"97","788","42","8"
"77","948","54","2"
"40","1192","36","5"
"28","1680","7","10"
"19","1042","80","14"
"29","1956","46","0"
"29","927","25","6"
"87","1991","64","8"
"60","31","7","13"
"13","1722","13","1"
"82","413","36","2"
"50","824","13","20"
"85","390","49","13"
"59","516","61","12"
"30","1011","7","2"
"48","824","54","17"
"82","1430","76","15"
"18","1323","7","0"
"64","359","70","15"
"81","1682","76","20"
"85","575","68","11"
"8","487","80","4"
"19","1821","61","20"
"75","1226","7","15"
"35","1959","61","3"
"28","1777","42","15"
"27","1712","68","15"
"13","436","70","0"
"36","1270","21","18"
"39","1866","61","2"
"67","742","46","9"
"68","697","69","1"
"49","1805","47","17"
"47","702","49","7"
"60","1047","49","17"
"71","378","13","18"
"51","1577","7","16"
"71","757","36","9"
"62","1346","68","18"
"98","1364","7","1"
"11","1905","16","2"
"81","69","69","15"
"67","1445","69","14"
"82","1821","68","7"
"55","433","69","17"
"50","1964","47","16"
"48","1225","80","2"
"66","300","70","16"
"91","1598","76","15"
"99","1911","70","19"
"30","1578","13","18"
"46","1750","46","0"
"10","1610","42","10"
"61","1221","59","12"
"23","709","36","12"
"4","463","69","9"
"63","1744","25","4"
"88","1589","33","12"
"78","99","70","19"
"99","1742","80","9"
"55","1827","21","2"
"63","1238","68","3"
"90","1004","68","18"
"63","1519","70","0"
"49","1784","47","14"
"70","941","13","20"
"85","1677","42","12"
"3","310","69","0"
"34","1477","59","13"
"53","1220","7","20"
"3","1875","64","7"
"66","735","69","5"
"79","0","36","15"
"42","870","54","12"
"72","1193","70","3"
"50","429","49","18"
"14","119","76","10"
"47","1241","21","4"
"53","126","61","17"
"57","159","42","14"
"96","409","47","14"
"42","795","16","5"
"57","571","21","2"
"92","1279","64","10"
"75","1359","54","17"
"69","609","70","16"
"96","1740","16","13"
"6","95","25","13"
"8","554","49","13"
"42","1350","13","18"
"32","154","21","12"
"92","1089","25","19"
"86","70","80","18"
"66","154","25","3"
"83","1204","46","8"
"17","260","76","17"
"39","1015","47","6"
"47","583","36","11"
"56","68","68","7"
"72","1299","69","1"
"16","1736","47","14"
"86","1384","68","19"
"41","1478","49","16"
"50","1107","46","11"
"64","1228","80","14"
"95","321","70","11"
"7","1945","61","17"
"56","509","54","9"
"60","548","69","20"
"75","907","25","10"
"1","513","47","1"
"74","1617","13","18"
"5","1054","70","17"
"81","1065","70","3"
"28","742","59","8"
"36","1178","70","10"
"21","874","54","5"
"30","860","76","10"
"71","190","70","18"
"64","345","7","2"
"88","1929","59","4"
"71","938","59","10"
"37","63","61","11"
"99","1424","59","8"
"62","1315","7","7"
"17","96","13","12"
"32","1850","46","5"
"54","706","25","11"
"33","1869","59","5"
"8","515","13","17"
"53","1108","64","7"
"82","1670","42","18"
"59","1546","46","1"
"51","522","7","10"
"11","1357","42","3"
"8","1867","42","18"
"56","1373","36","6"
"34","1238","69","7"
"42","1839","7","15"
"34","466","80","9"
"79","4","47","15"
"93","1372","46","3"
"5","612","68","4"
"95","1405","80","0"
"35","1190","64","11"
"28","1319","69","10"
"17","873","21","18"
"76","1812","36","18"
"8","1458","16","13"
"51","1453","68","10"
"76","512","70","16"
"12","123","42","11"
"33","1093","69","18"
"28","239","42","18"
"83","1720","61","15"
"15","28","16","19"
"28","876","69","10"
"81","1546","21","13"
"51","193","25","11"
"24","865","25","5"
"92","1149","36","9"
"99","1172","36","0"
"75","372","21","7"
"88","215","76","14"
"71","336","36","8"
"46","1883","64","4"
"37","1207","64","16"
"23","46","13","12"
"24","1169","61","19"
"46","672","21","15"
"95","623","16","10"
"3","1912","61","14"
"87","100","59","12"
"12","1543","54","19"
"57","1087","61","12"
"66","500","80","16"
"65","824","59","10"
"1","1396","80","5"
"26","1722","13","6"
"28","1837","13","11"
"39","1326","16","14"
"77","1557","54","5"
"5","746","47","8"
"69","1169","49","9"
"30","1546","76","6"
"49","1858","47","12"
"40","1644","80","14"
"92","160","80","0"
"82","704","33","7"
"10","504","46","7"
"56","1854","54","16"
"51","1127","46","10"
"28","1631","64","16"
"74","1558","61","11"
"95","1024","47","14"
"68","1970","42","12"
"27","1881","49","6"
"46","531","64","7"
"22","389","33","13"
"80","73","49","2"
"18","117","46","2"
"48","830","80","1"
"7","1175","80","19"
"95","405","33","17"
"69","1216","70","16"
"12","523","13","3"
"12","53","61","7"
"95","425","49","2"
"0","852","16","12"
"19","340","47","3"
"84","709","33","7"
"33","1735","54","12"
"2","1290","25","9"
"37","1222","16","14"
"43","910","76","17"
"33","1262","54","1"
"99","835","59","8"
"13","1583","42","9"
"35","344","54","13"
"84","1228","54","8"
"63","865","36","9"
"67","1477","42","12"
"19","110","36","1"
"30","1637","7","16"
"12","782","68","0"
"63","1145","54","0"
"27","1411","33","8"
"31","828","70","18"
"9","1440","47","15"
"99","1248","33","13"
"66","925","54","11"
"69","589","42","9"
"51","227","70","0"
"43","852","36","3"
"82","42","7","9"
"1","296","36","9"
"35","950","47","20"
"78","1292","61","12"
"70","485","46","7"
"60","1140","7","9"
"0","1250","7","4"
"86","1010","25","20"
"74","966","70","8"
"26","1789","13","19"
"33","1357","33","12"
"5","1406","70","14"
"67","487","21","0"
"95","1326","47","10"
"38","881","21","0"
"46","1810","80","1"
"70","1253","47","8"
"73","1581","59","0"
"63","1955","21","18"
"71","1888","21","2"
"40","411","47","18"
"57","1345","59","1"
"42","1820","13","7"
"37","670","13","17"
"73","913","16","8"
"2","687","33","13"
"63","1665","7","8"
"43","567","70","17"
"19","1009","69","14"
"21","1149","36","7"
"37","1087","76","0"
"22","1957","36","17"
"56","1541","16","13"
"2","525","68","3"
"50","1155","61","1"
"31","134","76","4"
"16","628","80","6"
"9","1840","64","11"
"69","132","49","1"
"39","854","36","18"
"27","45","25","11"
"4","917","21","16"
"65","584","7","15"
"57","1449","33","6"
"75","1605","47","1"
"86","1444","59","16"
"85","1841","46","1"
"89","1769","47","8"
"20","1735","46","3"
"32","358","36","12"
"57","740","47","5"
"4","674","33","2"
"12","161","46","9"
"51","1081","69","19"
"31","1588","33","9"
"93","386","42","0"
"77","1210","54","18"
"94","1112","25","1"
"35","1464","7","20"
"87","1639","64","20"
"30","1801","54","10"
"29","955","61","4"
"87","1095","33","4"
"31","1002","13","12"
"29","1715","36","12"
"72","484","64","20"
"8","1279","49","15"
"45","583","47","6"
"48","1125","80","9"
"31","1124","7","0"
"23","879","80","7"
"28","392","25","8"
"92","831","69","19"
"63","1087","76","14"
"38","104","59","11"
"43","401","47","16"
"25","1195","13","9"
"51","1416","80","17"
"9","1085","36","17"
"45","962","13","17"
"31","318","36","16"
"84","199","76","20"
"55","847","36","7"
"4","1635","64","18"
"1","110","54","9"
"66","1865","36","9"
"55","1034","46","9"
"7","1362","70","18"
"8","1932","61","15"
"47","1259","13","20"
"92","1423","7","1"
"37","478","33","7"
"97","1216","46","0"
"33","1523","33","20"
"83","680","47","1"
"24","1954","25","9"
"23","1911","70","14"
"48","176","46","20"
"88","182","64","12"
"51","1681","46","0"
"27","744","7","16"
"37","321","42","16"
"17","1267","59","7"
"70","139","7","3"
"41","1701","61","10"
"99","89","21","18"
"75","847","7","5"
"44","1898","70","12"
"35","342","54","4"
"75","747","25","4"
"44","1283","68","11"
"3","1992","68","1"
"65","1626","46","18"
"83","259","42","15"
"2","930","47","9"
"68","1629","7","10"
"48","356","61","13"
"29","339","68","5"
"31","1187","59","8"
"2","1997","69","8"
"49","74","21","15"
"90","822","76","16"
"7","1348","69","16"
"56","933","59","15"
"1","700","64","10"
"46","1479","7","14"
"22","516","80","18"
"7","579","70","9"
"35","717","61","20"
"54","928","13","9"
"37","587","25","19"
"30","1383","7","8"
"58","387","69","10"
"93","507","59","2"
"18","740","54","9"
"39","117","21","13"
"79","1456","61","6"
"39","497","69","15"
"8","365","54","8"
"83","1532","46","0"
"81","1455","68","13"
"72","1349","47","10"
"54","1892","47","16"
"95","1956","68","19"
"54","1090","21","2"
"11","1900","64","9"
"91","1402","33","6"
"37","1601","68","17"
"27","376","64","9"
"67","665","64","19"
"6","593","46","11"
"38","970","13","3"
"89","84","70","12"
"15","26","25","9"
"5","901","64","14"
"33","29","21","8"
"36","150","36","0"
"61","1389","21","12"
"1","123","76","8"
"57","1251","21","18"
"96","1948","80","0"
"91","1016","46","11"
"68","6","25","0"
"83","224","42","14"
"23","78","47","3"
"5","996","76","8"
"3","1242","21","18"
"53","1725","13","3"
"44","1641","54","12"
"0","1787","13","16"
"99","368","59","13"
"71","1866","54","3"
"33","1731","80","9"
"82","377","36","4"
"39","664","33","12"
"16","391","64","19"
"46","71","46","14"
"76","1179","36","7"
"34","1113","59","17"
"80","448","21","2"
"89","1026","36","16"
"61","1232","49","12"
"92","864","64","0"
"86","192","46","13"
"60","1209","33","5"
"48","742","68","15"
"48","329","16","18"
"50","618","54","11"
"99","679","21","10"
"64","1555","36","4"
"59","1746","13","3"
"46","1728","68","5"
"32","1796","46","15"
"97","996","16","20"
"55","1417","64","14"
"36","78","68","18"
"53","784","16","13"
"41","634","54","11"
"97","279","49","7"
"65","419","64","2"
"18","1141","80","2"
"7","1083","80","16"
"45","1822","76","16"
"15","982","46","9"
"82","1502","42","15"
"96","715","70","13"
"27","1009","33","9"
"39","1940","42","13"
"72","1199","47","14"
"12","700","76","18"
"26","1809","61","11"
"90","1723","49","5"
"63","38","76","6"
"20","1429","13","16"
"61","367","59","15"
"43","1551","42","8"
"13","1923","54","17"
"46","1463","7","3"
"58","168","7","7"
"0","1487","25","11"
"69","1278","46","19"
"59","274","49","8"
"2","309","42","2"
"31","1346","49","10"
"97","1386","59","10"
"95","1430","64","5"
"55","259","61","12"
"55","453","61","10"
"86","1070","13","5"
"69","847","64","18"
"18","393","76","11"
"88","709","70","5"
"63","225","59","6"
"37","1350","68","9"
"61","1332","61","14"
"73","957","16","16"
"31","733","68","14"
"20","1916","69","0"
"39","1122","59","18"
"74","340","76","2"
"1","493","59","20"
"38","218","46","8"
"4","1677","47","7"
"24","418","54","11"
"32","862","61","18"
"92","18","47","16"
"62","599","33","17"
"57","1316","33","16"
"87","488","70","10"
"44","451","54","3"
"84","957","69","11"
"68","316","33","17"
"5","1262","54","13"
"41","988","59","9"
"80","1685","59","10"
"79","144","49","0"
"33","945","47","9"
"9","1732","61","12"
"13","1833","16","12"
"79","1406","36","13"
"41","1115","25","13"
"76","302","25","9"
"81","961","13","16"
"66","168","25","7"
"96","34","69","9"
"57","1095","7","9"
"78","1420","42","7"
"40","1770","64","17"
"5","876","70","12"
"32","1352","64","11"
"22","1681","76","13"
"72","294","42","0"
"47","1528","70","15"
"95","339","59","5"
"2","1895","54","14"
"52","1830","54","0"
"59","631","68","11"
"90","1465","25","20"
"13","315","13","17"
"44","1391","47","3"
"72","342","21","12"
"3","1384","76","19"
"19","550","42","20"
"76","142","36","18"
"96","1930","68","11"
"63","965","16","2"
"74","998","42","10"
"58","1869","70","11"
"49","1186","13","3"
"74","1270","64","5"
"62","1261","16","16"
"84","448","70","0"
"61","1749","16","15"
"33","320","80","1"
"83","1226","46","6"
"69","1830","33","10"
"38","379","42","7"
"68","34","36","7"
"81","1887","42","0"
"8","1411","61","11"
"43","968","61","19"
"22","1345","46","18"
"9","599","13","9"
"84","1749","68","9"
"89","1160","46","7"
"95","485","33","19"
"92","526","21","9"
"55","334","42","18"
"71","732","7","2"
"6","954","16","7"
"69","1658","49","13"
"15","1875","16","0"
"90","1002","80","10"
"74","39","33","2"
"71","662","33","7"
"35","431","33","7"
"91","1035","7","2"
"12","1840","54","0"
"21","1762","47","2"
"53","647","49","16"
"39","1577","69","4"
"11","19","64","0"
"28","1362","64","11"
"30","1549","25","12"
"73","277","64","0"
"88","1643","42","16"
"38","1197","21","0"
"2","1904","13","5"
"24","1771","80","8"
"31","636","54","19"
"4","1008","59","13"
"56","577","25","12"
"59","100","36","8"
"32","922","49","2"
"76","1352","68","9"
"44","1091","70","4"
"86","328","49","7"
"52","555","13","20"
"16","1959","47","5"
"24","1561","13","15"
"81","1293","25","7"
"88","1437","69","20"
"43","242","46","11"
"70","1415","49","17"
"91","777","76","10"
"97","1383","68","3"
"89","1859","49","10"
"60","34","13","9"
"25","791","46","19"
"74","183","69","14"
"78","1659","69","18"
"4","1541","47","7"
"11","1153","21","8"
"99","1375","21","16"
"40","185","59","1"
"32","350","76","13"
"83","853","42","14"
"52","226","64","0"
"28","1907","16","11"
"28","659","68","17"
"62","1874","54","18"
"36","800","68","20"
"75","1794","59","15"
"55","1261","36","15"
"84","1724","64","0"
"57","8","16","19"
"95","1891","42","13"
"43","863","80","5"
"29","1274","80","6"
"64","465","61","19"
"22","241","49","15"
"93","1266","61","14"
"24","55","13","2"
"63","1261","33","6"
"21","525","68","18"
"26","997","25","19"
"51","856","47","0"
"58","1878","61","12"
"53","872","80","17"
"46","119","69","13"
"53","600","21","1"
"5","213","76","0"
"39","1611","13","15"
"60","345","80","19"
"69","610","7","8"
"10","1688","47","1"
"10","1226","21","11"
"8","1525","13","13"
"80","49","16","14"
"11","1726","59","17"
"94","368","46","20"
"65","380","13","18"
"86","29","69","8"
"2","764","7","11"
"69","666","80","6"
"80","1406","61","1"
"48","1696","16","16"
"88","219","59","16"
"20","970","42","10"
"54","1506","46","18"
"34","675","7","18"
"56","1071","25","7"
"57","1968","49","12"
"29","312","46","16"
"81","113","69","12"
"89","1985","25","19"
"73","997","80","17"
"58","644","61","1"
"68","968","42","13"
"53","1845","21","17"
"85","1731","47","0"
"80","144","61","18"
"68","275","69","0"
"51","1894","69","11"
"59","1503","80","14"
"67","1020","46","20"
"80","1389","25","5"
"3","1797","59","8"
"49","1590","59","0"
"68","287","7","12"
"91","613","61","7"
"95","255","54","8"
"38","1582","13","11"
"51","1281","47","9"
"18","1365","16","13"
"67","1086","69","5"
"12","118","70","13"
"92","1481","25","11"
"50","629","36","4"
"84","1103","64","17"
"44","747","76","19"
"5","905","80","11"
"33","666","68","13"
"90","1820","25","4"
"38","1233","70","1"
"92","288","59","4"
